Yacht_ID,Yacht_Name,Type,Length,Builder_ID,Price,Build_Year,Sleeps,Crew
MO380,Silver Breeze,Motor,23.21,225RIV,4950000,2010,8,4
MO128,Sunrise,Motor,24,115AZI,875000,2012,7,3
SA054,Alithia,Sail,39.78,103ABE,6000000,2002,22,7
SA024,Sea Diamond,Sail,27.4,103ABE,4500000,1956,4,2
MO134,Diversion,Motor,24,117BAI,350000,1997,5,4
MO044,Anastasia,Motor,24,157FER,1200000,2010,12,5
SA043,Montigne,Sail,57,105AEG,14499000,2009,14,10
SA020,Wish,Sail,25.91,105AEG,580000,1998,7,4
SA030,Awol Again,Sail,27.26,106AGA,900000,2004,8,4
SA056,Thendara,Sail,36.52,107ALE,4975000,1936,6,7
SA002,Aime Sea,Sail,35.1,108ALL,3250000,1994,14,5
MO328,Morning Cloud,Motor,24,176JON,975000,2010,7,2
SA057,Kokomo ,Sail,58.4,108ALL,39750000,2010,12,10
SA047,Mondango,Sail,51.77,108ALL,25000000,2008,12,9
SA023,Paraiso,Sail,40,108ALL,8995000,2010,4,3
SA048,Red Dragon,Sail,51.7,108ALL,28000000,2008,9,10
MO110,Angela D,Motor,24,181LAZ,1895000,2001,4,2
MO041,IamnotinaHurry,Motor,24,231SAN,1300000,2007,5,2
MO050,Predator 80,Motor,24,239SUN,2839000,2001,7,3
MO235,Olakala,Motor,24.05,157FER,2200000,2011,6,0
MO292,Shango,Motor,24.3,117BAI,1000000,2003,4,3
MO142,Nobility,Motor,24.3,124BUR,795000,2003,5,3
MO224,LDV,Motor,24.3,181LAZ,1950000,2010,7,2
MO327,Karma,Motor,24.3,214PER,3250000,2002,6,3
MO132,Silver Cloud,Motor,24.38,124BUR,585000,2003,7,3
MO147,Montage ,Motor,24.38,204OCE,2151655,2009,2,2
MO156,Emuna,Motor,24.4,157FER,4995000,2003,6,4
MO158,Amarula Sun,Motor,24.4,163HAT,4995000,2010,5,3
MO285,Game Time,Motor,24.4,163HAT,3500000,2006,4,2
MO250,Moon,Motor,24.4,167HOR,1550000,2000,8,3
MO183,Troutopia,Motor,24.4,181LAZ,2795000,2012,6,2
MO236,Piacere,Motor,24.57,157FER,795000,2012,2,0
MO119,Carlos Primero,Motor,24.97,239SUN,1190000,2001,8,6
MO208,Motivation,Motor,25,124BUR,3450000,2012,12,3
MO133,Elegante,Motor,25,#N/A,495000,2010,4,2
MO130,Callaloo,Motor,25.07,209OVE,600000,2005,5,4
MO248,Piola,Motor,25.3,157FER,2350000,2003,4,4
MO125,Atalanta,Motor,25.43,207ONT,795000,2009,6,4
MO234,Du Ciel,Motor,25.5,132CAN,650000,2010,3,0
MO181,Passion,Motor,25.6,181LAZ,2950000,2010,11,6
MO176,Acadia,Motor,25.6,184LYM,3300000,2005,13,6
MO263,Carolina Dreamin,Motor,25.6,239SUN,1390000,2000,6,3
MO114,Dividend,Motor,25.6,250WES,1950000,1998,8,4
MO179,Princess Jules,Motor,25.8,157FER,2950000,2001,4,1
MO118,Mrs Robinson,Motor,25.85,246TRO,1200000,2002,10,3
MO182,Speedy,Motor,25.9,124BUR,2895000,1999,7,3
MO172,Ma'aktare,Motor,25.9,202NOR,3899000,2007,9,2
MO204,Chills,Motor,25.91,115AZI,1950000,2012,8,2
MO014,Malandrino,Motor,25.92,120BEN,3350000,2009,7,4
SA066,SYL,Sail,43.6,119BAR,12950000,2003,8,8
MO310,Nadir II,Motor,26,120BEN,650000,1973,5,3
MO095,Eleonora,Motor,26,191MOO,3250000,2001,6,8
MO121,La Dolce Vita,Motor,26,191MOO,1100000,1990,8,6
MO051,Blanco,Motor,26,220PRI,2350000,2002,4,2
MO272,Office,Motor,26,220PRI,3950000,2002,6,2
MO036,Volero,Motor,26.02,225RIV,1850000,1987,8,3
MO298,Caryali,Motor,26.3,198NOR,6590000,2013,2,0
MO151,Aurora,Motor,26.4,198NOR,6750000,2013,12,5
MO314,Ocean Glory,Motor,26.4,252YAR,2900000,1935,6,4
MO242,Blue Star,Motor,26.5,124BUR,1250000,1987,4,0
MO180,Anaisa,Motor,26.5,175JOH,2950000,2003,10,6
MO035,Whisper IV,Motor,26.5,175JOH,1850000,1994,9,5
MO187,Mary P,Motor,26.52,144COO,2250000,1998,6,2
MO015,iFly,Motor,26.8,239SUN,3000000,2004,2,2
SA021,Serena,Sail,26.68,120BEN,470000,2001,7,3
MO102,Tropicana,Motor,26.83,115AZI,2900000,2007,8,4
MO321,Bandazul,Motor,26.87,239SUN,3095000,2006,5,2
MO309,Hygh Energy,Motor,26.87,239SUN,3300000,2004,6,4
MO241,Oomka,Motor,26.88,239SUN,3495000,2004,6,2
MO212,Amarello,Motor,26.97,115AZI,1500000,1998,6,2
MO106,Kereon,Motor,27,101ABC,2350000,2005,5,3
MO245,Bembik,Motor,27,129CAN,1250000,2006,7,3
MO045,Splendida,Motor,27,129CAN,1200000,1999,13,3
MO107,Woody,Motor,27,129CAN,1900000,2006,3,3
MO238,Altana,Motor,27,155FAL,750000,2002,11,6
MO103,Louis and the Girls,Motor,27,157FER,2750000,2001,6,2
MO023,IFA Cannes,Motor,27,185MAI,2200000,2009,11,8
MO037,LadyTalitha,Motor,27,231SAN,1800000,2001,9,5
MO228,Aurora Dignitatis,Motor,27.03,157FER,5500000,1980,7,2
MO297,Juna,Motor,27.03,157FER,3200000,2012,3,0
MO022,Cacos IV,Motor,27.12,219POS,2300000,1994,13,7
MO043,Trapani 2,Motor,27.12,219POS,1250000,2007,12,6
MO196,Loretta,Motor,27.4,115AZI,1850000,1996,2,0
MO325,Ocean Models,Motor,27.4,118BAR,1000000,1995,6,3
MO166,GG,Motor,27.4,124BUR,4000000,2003,3,5
MO186,Viaggio,Motor,27.4,137CHE,2495000,1998,6,3
MO157,My Lady M,Motor,27.4,162HAR,4995000,2010,6,2
MO294,Rosanna Primero,Motor,27.4,214PER,2500000,2007,5,0
MO302,MM,Motor,27.42,214PER,4400000,1998,4,4
MO171,Kauhale Kai,Motor,27.43,102ABD,3950000,2009,7,4
MO268,Grazziana,Motor,27.7,210PAL,1995000,2010,4,1
MO111,Nirvana Star,Motor,27.74,210PAL,2150000,2001,9,6
MO146,Lucy Belle ,Motor,27.81,204OCE,5995000,2010,9,3
SA060,Orion of the Seas,Sail,49.29,126CAM,18500000,1910,10,11
MO013,Aleica,Motor,27.93,131CAN,3900000,2004,3,2
SA014,Titan XIV,Sail,35.05,128CAN,2490000,1994,6,6
MO004,SD92,Motor,28,231SAN,7560000,1990,6,2
MO300,In All Fairness,Motor,28,239SUN,2495000,2005,14,8
MO261,Maymoon,Motor,28,239SUN,2650000,2005,6,4
MO084,Zozo,Motor,28,239SUN,4750000,2002,8,6
MO174,Dancing Milly III,Motor,28,244TRI,3500000,2012,6,4
MO311,Taiji,Motor,28.04,209OVE,2450000,2000,5,3
MO094,Kathleen M,Motor,28.04,223RAY,4700000,2009,10,5
MO113,The Bee's Honey,Motor,28.04,240TAR,1995000,2002,6,2
SA031,Orion,Sail,27.43,133CAT,4900000,1986,6,3
MO288,RE1,Motor,28.15,239SUN,3550000,2010,6,2
SA034,Bushido,Sail,37.5,135CEK,2450000,2004,8,5
SA027,Swift,Sail,32.8,136CHA,2950000,2000,6,5
MO048,Emocion,Motor,28.22,225RIV,3900000,2006,6,3
MO173,Donna Marie,Motor,28.3,162HAR,3875000,2003,12,6
MO221,Bear Market,Motor,28.3,209OVE,1950000,2010,6,0
MO038,Meantime,Motor,28.6,167HOR,1790000,2002,6,3
MO184,Khamsin,Motor,28.6,239SUN,2600000,2001,4,1
MO185,Marigar,Motor,28.6,239SUN,2500000,2010,5,2
MO042,Timeless C,Motor,28.78,239SUN,1250000,2010,9,4
MO143,Marlena,Motor,28.96,173JIM,7950000,2004,10,6
MO290,Novela,Motor,29,134CBI,1975000,2009,7,3
MO199,ZaZu,Motor,29,150DE ,1699000,1970,5,0
MO331,Safari,Motor,29,199NOR,1975000,1997,6,4
MO047,Rosso,Motor,29,220PRI,3950000,2005,8,4
MO108,VaKoMaaNo,Motor,29.26,194NEW,2400000,2001,6,3
MO237,Bamboleo,Motor,29.3,162HAR,3495000,2013,10,4
MO096,Sono,Motor,29.3,220PRI,3200000,2002,6,4
MO188,Serenity Now,Motor,29.3,251WES,2000000,1990,7,4
MO293,CL97,Motor,29.5,147CUS,7500000,2007,3,6
MO091,Starship,Motor,29.57,147CUS,3950000,2007,12,6
SA017,Mirabella I,Sail,40,141CON,1000000,2013,8,6
SA013,Only Now,Sail,31.72,142CON,2495000,2002,4,4
SA005,Obsession II,Sail,34.2,143CON,2500000,2002,8,5
MO131,Mr Ed,Motor,29.6,185MAI,795000,2006,5,3
MO109,Salve,Motor,29.75,120BEN,1750000,1974,3,5
MO305,Annabelle,Motor,29.8,182LOW,1650000,2003,4,2
MO112,Leonardo II,Motor,29.83,115AZI,1500000,2004,3,1
MO197,Lady Laura,Motor,29.87,251WES,1850000,1992,6,4
MO225,Think Big,Motor,29.9,124BUR,1295000,1998,3,3
MO312,Olialia,Motor,29.9,239SUN,5100000,2010,4,2
MO115,Lady Tatiana,Motor,29.98,167HOR,1450000,2010,9,4
MO233,Questa E La Vita,Motor,30,121BIL,800000,2002,6,2
MO020,Ladies First,Motor,30,147CUS,2500000,2003,4,2
MO090,La Mascarade,Motor,30,156FEA,3950000,2007,14,7
MO081,Darsea,Motor,30,191MOO,6900000,2001,14,6
MO076,Livia,Motor,30,191MOO,7950000,2002,8,6
MO049,Alexandra V,Motor,30,220PRI,3250000,2007,7,4
SA037,Quasart,Sail,32.9,147CUS,695000,2004,16,10
SA007,Silver Spray,Sail,28,147CUS,1800000,1916,10,6
MO092,Beyond the Clouds,Motor,30.2,120BEN,3900000,2004,14,7
MO087,New Star,Motor,30.2,120BEN,4300000,2003,7,4
MO040,LadyKatanaII,Motor,30.2,185MAI,1500000,2009,7,3
SA042,Fleurtje,Sail,57,150DE ,6900000,1960,14,16
MO169,Little Sarah,Motor,30.4,149DE ,3999999,2008,11,5
MO089,Jojo's Circus,Motor,30.4,163HAT,5495000,2004,13,8
MO124,Escape,Motor,30.48,122BRO,800000,2008,6,2
MO117,Quiet Place,Motor,30.48,122BRO,1890000,2011,4,4
MO206,Christine,Motor,30.48,137CHE,3995000,2003,8,2
MO201,AquariusW,Motor,30.48,160GET,1450000,2005,7,3
MO195,Melimar,Motor,30.5,115AZI,1995000,1999,7,3
MO256,Beyond,Motor,30.5,169INA,5525000,1981,5,4
MO123,Equilibrium,Motor,30.5,209OVE,850000,2004,10,5
MO039,New Life,Motor,30.6,155FAL,1645000,2001,8,5
MO120,Unreel,Motor,30.7,155FAL,1495000,1987,9,9
SA015,Shaman,Sail,26.28,153DER,1750000,1997,6,4
MO097,Erossea,Motor,30.75,115AZI,3150000,2010,4,2
MO205,King Baby,Motor,30.78,162HAR,5700000,2001,12,4
MO218,Moon River,Motor,30.78,210PAL,1999999,2005,2,0
MO207,Moon Shine,Motor,30.78,250WES,4900000,2010,9,3
MO202,Texas Star,Motor,31,115AZI,1149000,1987,4,5
MO244,Mirage,Motor,31,117BAI,5700000,2010,6,3
MO122,Miss Dana,Motor,31,123BUG,950000,2003,9,6
MO101,Celeste,Motor,31,172ITA,2950000,2001,12,5
MO024,Sea Raider IV,Motor,31,239SUN,2000000,2010,10,5
MO034,Ninemia,Motor,31,247VIT,1950000,1995,13,7
MO267,Liquidity,Motor,31.09,122BRO,999000,1983,4,4
MO257,PGs Jester,Motor,31.1,122BRO,895000,1995,13,5
MO011,Elisa,Motor,31.1,131CAN,3950000,2001,9,5
MO074,Beothuk,Motor,31.1,179KUI,11900000,2001,11,5
MO019,Luna,Motor,31.2,139CNL,2950000,2010,6,4
MO200,MagicTime,Motor,31.39,138CHR,1495000,2001,13,5
MO271,Trix-Sea,Motor,31.4,122BRO,3200000,2000,8,4
MO088,Huey's Isalnd,Motor,31.4,175JOH,5500000,2007,5,3
MO315,Yosh II,Motor,31.5,120BEN,5950000,2009,8,2
MO099,Taurus,Motor,31.6,212PER,2950000,2001,6,3
MO240,Flipper,Motor,31.85,251WES,3500000,2001,4,2
MO295,La Rubia,Motor,32,115AZI,9000000,2010,6,3
MO153,u-e,Motor,32,124BUR,5995000,2006,8,4
MO170,Dream,Motor,32,162HAR,3995000,2010,9,3
MO160,Cassiopeia,Motor,32,166HOL,4900000,2011,8,4
MO227,My Way,Motor,32,167HOR,1490000,1990,9,5
MO270,The Lady J,Motor,32.2,164HEE,949000,2011,6,2
MO284,C105,Motor,32.2,167HOR,10000000,2004,10,4
MO137,Grand Cru,Motor,32.3,124BUR,870000,2002,2,6
MO155,Starlight,Motor,32.3,153DER,4995000,2001,6,4
MO012,Paolyre,Motor,32.7,203OCE,3900000,2003,13,8
MO104,Ronda,Motor,32.9,231SAN,2700000,2001,10,5
MO249,Special Issue VIII,Motor,32.9,251WES,2495000,1999,3,8
MO018,D'Angleterre,Motor,33,121BIL,2950000,2008,14,8
MO329,Marbella,Motor,33,177KHA,2395000,2012,7,2
SA051,Ganesha I,Sail,38.8,158FIT,12450000,2007,10,6
SA050,Zefira,Sail,49.68,158FIT,29500000,2010,10,7
MO214,Miz Doris III,Motor,33.2,251WES,2449000,1980,6,4
MO313,Seven Js,Motor,33.47,181LAZ,5900000,2011,5,4
MO231,CD One,Motor,33.5,248W A,1750000,2001,6,2
MO165,Onika,Motor,33.53,151DEL,4250000,1998,5,2
MO152,Relentless,Motor,33.53,178KIN,6500000,2005,4,2
MO009,Lumar,Motor,33.8,139CNL,4150000,2006,14,8
MO262,Lady A,Motor,33.83,170INT,2900000,2001,6,6
MO008,Arabella II,Motor,33.91,239SUN,6200000,2004,14,10
MO098,Ace of Diamonds,Motor,34,161HAK,3950000,2001,4,2
MO100,Bonita J,Motor,34,191MOO,2950000,2001,8,4
MO269,Samara B,Motor,34,239SUN,6950000,2012,4,2
MO277,Contigo,Motor,34.1,251WES,7850000,2009,8,6
MO260,Resilience,Motor,34.1,251WES,3475000,1999,8,6
MO289,Symphony II,Motor,34.11,251WES,4395000,2001,7,5
MO219,99 Problems,Motor,34.14,145CRE,4995000,2001,3,0
MO323,Castle finn,Motor,34.14,251WES,6500000,2005,8,5
MO324,Estancia,Motor,34.14,251WES,8595000,2008,4,5
MO140,Kassidy Lynn,Motor,34.14,251WES,8495000,1990,7,3
MO141,Missing Link,Motor,34.14,251WES,8275000,1998,8,3
MO316,Sea Bird,Motor,34.14,251WES,3950000,2000,8,6
MO144,Steadfast,Motor,34.14,251WES,7800000,2006,7,6
MO136,Fortrus,Motor,34.15,169INA,9750000,2011,6,6
MO075,Top Times,Motor,34.46,124BUR,11000000,2003,1,5
MO005,Stella,Motor,34.53,239SUN,7500000,2010,6,4
MO282,St Marteen,Motor,34.7,140COD,1900000,2003,5,3
MO129,Longo Mai,Motor,34.75,217PIS,850000,2013,8,4
MO083,Blu,Motor,35,120BEN,5950000,2005,6,7
MO274,Stilvi III,Motor,35,120BEN,5500000,2004,7,3
MO275,Texas Star II,Motor,35,152DEN,1700000,1988,5,4
MO232,Ragazza,Motor,35.05,146CRN,1350000,2005,8,3
MO280,Beija Flor,Motor,35.05,156FEA,4450000,1990,6,6
MO258,Cinque Star,Motor,35.4,115AZI,8495000,2010,7,3
MO306,Kapalua,Motor,35.5,145CRE,3600000,2010,7,4
MO093,Ester,Motor,35.5,155FAL,3900000,2007,9,5
MO296,Sirea,Motor,35.5,167HOR,3490000,2003,6,3
MO283,Squalo,Motor,35.8,115AZI,3500000,2005,8,6
MO291,Blue Attraction,Motor,36,109AME,3900000,1983,4,5
SA001,Senso One,Sail,42.67,174JMV,3300000,2003,2,8
MO273,Sullivan Bay,Motor,36,122BRO,3995000,2000,4,3
MO198,Seacall,Motor,36.27,152DEN,1800000,2001,4,0
MO326,Doubleshot,Motor,36.5,241TEC,7200000,2011,1,6
SA006,AltaMarea,Sail,29.45,176JON,2400000,2003,6,3
SA040,Ameena,Sail,29,176JON,5250000,2004,7,3
MO376,Giorgia,Motor,36.58,120BEN,9995000,2009,12,7
SA038,Sailing T,Sail,30,176JON,2350000,1993,8,4
MO375,Far Far Away,Motor,36.58,169INA,10621460,2012,10,7
MO220,Anna J,Motor,36.58,210PAL,3950000,2003,14,5
MO054,Sealyon,Motor,36.6,171ISA,5773672,2007,1,6
MO287,Vitamin,Motor,36.6,210PAL,14900000,2008,6,4
MO192,Just J's,Motor,36.8,239SUN,13999000,1990,3,0
MO154,Montrevel,Motor,36.9,111ATE,5395000,1998,11,7
MO369,Crystal,Motor,36.9,191MOO,14950000,2011,12,7
MO021,Nordic Star,Motor,37,146CRN,2490000,1978,14,8
MO085,Phaedra,Motor,37,151DEL,7495000,2001,10,8
MO265,Atlantide,Motor,37,215PHI,5000000,2012,4,4
MO046,Beluga,Motor,37,239SUN,8995000,2006,8,3
MO229,Nina,Motor,37,239SUN,7950000,1982,9,3
MO255,The Snapper,Motor,37,239SUN,6700000,1986,4,4
MO163,Shogun,Motor,37.2,159FLA,4500000,1987,8,2
MO367,G-Force,Motor,37.3,164HEE,15950000,2006,12,6
MO071,Perle Noire,Motor,37.3,164HEE,11500000,1980,8,4
MO252,Fusion,Motor,37.75,212PER,9975000,1980,7,4
MO145,Wheels,Motor,37.8,245TRI,7775000,2008,8,6
MO230,Rominta,Motor,38,116BAG,1600000,2001,12,3
MO370,Shooting Star,Motor,38,148DAN,14500000,2011,10,5
SA044,Regina,Sail,56,189MED,9850000,2011,12,9
MO072,Perle Bleue,Motor,38,161HAK,13900000,1992,7,5
MO368,Twilight,Motor,38.1,226RMK,15900000,2013,8,6
MO366,Northlander,Motor,38.16,191MOO,18654178,2009,10,5
MO379,Mariposa,Motor,38.5,114AVA,7900000,2010,10,6
MO371,Katrion,Motor,38.55,156FEA,12900000,2003,10,7
MO148,First Draw,Motor,38.58,138CHR,7490000,2007,12,6
MO127,Tamarindo,Motor,38.7,216PIC,795000,2003,6,3
MO017,Go,Motor,39,156FEA,21900000,2003,12,8
SA011,Fantastica,Sail,30.3,192NAU,4600000,2012,7,6
SA029,Julie Marie,Sail,30.21,192NAU,7400000,2007,9,4
MO308,Moonmaiden II,Motor,39,236SOY,1495000,1974,6,5
MO135,Sea D,Motor,39.4,221PRO,9900000,2012,6,3
MO372,Awesome,Motor,39.5,209OVE,12800000,2005,10,6
MO001,Lady Belmor,Motor,39.6,146CRN,9995000,2009,12,8
MO251,Magic,Motor,39.6,201NOR,12900000,2001,12,6
MO373,Aset,Motor,39.6,209OVE,12000000,2007,11,6
MO139,Mary Alice II,Motor,39.6,251WES,8950000,1987,4,6
MO213,Sovereign,Motor,39.6,251WES,13500000,1990,6,2
MO378,Believe,Motor,39.62,251WES,7537811,2005,10,7
MO377,Constellation,Motor,39.62,251WES,8752236,2007,8,7
MO080,My Colors,Motor,39.62,251WES,9450000,2005,14,7
MO365,Westport 130,Motor,39.62,251WES,16366186,2012,10,7
MO374,Forever One,Motor,39.65,209OVE,10500000,2007,8,6
MO031,Como,Motor,40,108ALL,10950000,2007,9,5
MO203,Supreme 123,Motor,40,120BEN,17900000,2012,10,7
MO149,AquaLibrium,Motor,40,146CRN,6950000,2003,8,7
MO078,Melina C,Motor,40,185MAI,7900000,2011,14,10
MO209,Mustang Sally,Motor,40,251WES,16950000,2010,4,2
MO164,Silver Shalis,Motor,40.02,103ABE,4495000,1990,11,5
MO330,Blink,Motor,40.05,217PIS,12500000,2013,8,6
MO175,Mirage IV,Motor,40.2,164HEE,3400000,2013,13,5
MO222,Atlantica,Motor,41.5,138CHR,10900000,2012,8,2
MO068,Oxygen,Motor,42,116BAG,137500000,2009,6,4
MO254,Trinity II,Motor,42,120BEN,3550000,1991,6,5
SA019,Nicole Maria,Sail,26.82,207ONT,795000,2010,9,0
SA036,Parlay,Sail,38.4,208ORT,5900000,1991,10,7
MO061,Magari,Motor,42,140COD,19000000,2007,6,2
MO320,Blue Eyes,Motor,42,146CRN,9900000,2004,10,6
MO286,Istros,Motor,42.06,110AMS,5950000,1954,12,10
MO082,Lady Feryal,Motor,42.5,130CAN,8995000,2003,5,8
MO060,Andiamo,Motor,42.56,156FEA,19500000,2012,10,5
MO077,Element,Motor,42.7,217PIS,7950000,2004,12,6
MO239,Cameleon B,Motor,42.7,221PRO,6900000,2010,8,4
MO191,Big City,Motor,42.7,245TRI,17900000,2009,6,2
MO069,AncorA,Motor,42.9,116BAG,12900000,2009,11,5
MO150,Bri,Motor,43,138CHR,6950000,2012,9,5
MO030,Sofico,Motor,43,146CRN,14500000,2009,10,9
MO307,Kingfisher,Motor,43.28,156FEA,7750000,2012,8,3
SA032,Pegasus II,Sail,28,210PAL,3500000,1956,12,6
MO193,Princess Sarah,Motor,43.3,224RIC,12900000,1980,4,2
SA068,Clear Eyes,Sail,43.13,211PAX,11000000,2010,12,8
MO264,Caneli,Motor,43.4,228ROY,14950000,2001,6,4
MO322,Waterlily,Motor,43.4,228ROY,14950000,2007,10,8
SA045,Burrasca,Sail,55.7,213PER,22500000,2003,12,9
SA059,Felicit� West,Sail,64,213PER,19034875,2003,12,11
SA035,Galaxia,Sail,52,213PER,22000000,1997,12,10
SA067,Helios,Sail,45.26,213PER,14350000,2007,11,6
SA061,Heritage,Sail,45.3,213PER,17500000,2006,12,6
SA033,Perseus,Sail,50,213PER,14900000,2001,12,8
SA058,Salute,Sail,55.9,213PER,26648825,2008,12,9
SA026,Selene,Sail,56,213PER,25000000,2007,12,9
SA009,Zenji,Sail,56,213PER,26900000,2008,5,1
MO073,Smile,Motor,43.6,120BEN,9900000,2006,7,3
MO246,Larisa,Motor,43.8,120BEN,15750000,2006,10,5
MO033,Tatiana per Sempre,Motor,44,116BAG,10500000,2007,10,7
MO116,Summerwind,Motor,44,137CHE,2950000,2012,9,3
SA055,Freedom,Sail,38.87,216PIC,4301882,1986,10,7
MO062,Bliss,Motor,44,164HEE,18900000,2001,8,2
MO002,JL Seagull,Motor,44.2,120BEN,9900000,2002,10,8
MO363,Madsummer,Motor,44.65,156FEA,24950000,2008,12,9
MO016,Helix,Motor,45,156FEA,29900000,2006,14,10
SA025,Agneta,Sail,25.08,218PLY,1350000,1950,5,2
MO178,Big Fish,Motor,45,187MCM,25000000,1998,8,6
MO029,Latitude,Motor,45,242TIM,14950000,2002,8,4
MO162,Big D,Motor,45.03,165HIT,4900000,2001,10,5
MO026,Framura2,Motor,45.5,140COD,18500000,2006,4,4
MO161,Anna Jayne,Motor,45.5,205OCE,4900000,2002,2,8
MO159,Applause,Motor,45.5,205OCE,4950000,2012,5,13
MO079,Lady Allison,Motor,45.7,156FEA,9900000,1994,7,4
MO266,Sunrise,Motor,46,146CRN,10500000,2004,6,6
MO362,Katya,Motor,46,151DEL,26645018,2009,12,10
MO304,The Highland,Motor,46,156FEA,4990000,2001,8,6
MO317,Bella Bri,Motor,46,201NOR,21500000,2003,10,6
MO064,Status Quo,Motor,46,224RIC,19995000,2010,12,5
MO194,Elle,Motor,46.02,222PUG,10900000,1982,12,6
MO065,Auspicious,Motor,46.2,129CAN,14900000,2009,3,10
MO364,Allegria,Motor,46.21,161HAK,22822815,2004,11,9
MO066,Mr Terrible,Motor,46.94,151DEL,19500000,2008,5,5
MO168,Rochade,Motor,47.5,151DEL,34500000,2006,12,5
MO278,Slojo,Motor,47.5,151DEL,27500000,1987,6,4
SA063,Twilight Moon,Sail,38.1,226RMK,14900000,2013,8,6
MO211,Scott Free,Motor,48,138CHR,32500000,1998,11,2
MO223,Australis,Motor,48,206OCE,19950000,2001,3,9
MO028,Noa VII,Motor,48.18,156FEA,14980000,2001,8,4
MO276,VF-15,Motor,48.8,138CHR,29950000,2001,8,4
SA064,Antares,Sail,39.98,229ROY,14500000,2005,9,6
SA070,Athena,Sail,90,229ROY,57126410,2004,12,20
SA041,Black Shark of St Peter,Sail,24.72,229ROY,439000,2012,6,2
SA069,Hanuman,Sail,42.1,229ROY,11000000,2009,6,8
SA049,Meteor,Sail,51.59,229ROY,25000000,2007,6,12
SA016,Desirade,Sail,28,230SAN,1500000,1998,6,2
MO086,Thunder B,Motor,49,206OCE,5000000,1998,8,8
MO189,Maidelle,Motor,49,245TRI,19950000,2007,10,5
MO243,Zoom Zoom Zoom,Motor,49.07,245TRI,21900000,2005,6,4
MO027,Glaze,Motor,49.1,245TRI,17900000,2007,10,8
SA008,Joseph Conrad,Sail,37,232SCH,1250000,1995,6,3
MO032,MarionQueen,Motor,49.13,156FEA,10900000,2010,11,7
SA053,Marflow,Sail,37.14,234SHO,6750000,1982,9,5
SA010,Fado,Sail,30.2,235SOU,6500000,2006,13,8
MO361,Nassima,Motor,49.18,104ACI,27900000,2012,12,10
SA022,Sea Angel,Sail,26.8,237SPA,985000,2010,6,2
SA003,Gaia,Sail,30.6,238SPI,3000000,2009,2,2
MO059,Larissa,Motor,49.3,109AME,22500000,2004,4,2
MO063,Streamline,Motor,49.3,190MON,15900000,2003,9,4
MO360,Satori,Motor,49.8,164HEE,27900000,2011,10,10
MO299,QM of London,Motor,49.9,120BEN,9900000,1998,10,4
MO058,Couach 5000 Fly,Motor,49.9,127CAN,24900000,2012,5,10
MO067,Grace E,Motor,49.9,140COD,18500000,2004,4,3
MO259,Shandor,Motor,49.95,233SCH,6975000,2006,8,6
MO359,Malibu,Motor,50,109AME,19500000,2001,12,11
MO003,Taiba,Motor,50,120BEN,9500000,1997,12,10
MO167,Happy Days,Motor,50,151DEL,34500000,2004,7,4
MO358,Wheels,Motor,50,245TRI,21852037,2009,12,9
MO357,Harmony,Motor,50,251WES,25697081,2010,12,12
MO177,Xilonen V,Motor,50,251WES,28500000,2006,6,2
MO356,Gallant Lady,Motor,51.21,156FEA,32359288,2007,10,11
MO355,Dream Boat,Motor,51.75,156FEA,26572686,2003,13,12
MO210,Were Dreams,Motor,52,109AME,29950000,2010,8,4
MO386,Rasselas,Motor,52,156FEA,19801184,1994,12,13
MO247,Bel Abri,Motor,52.3,109AME,33900000,2010,12,8
MO226,Sunrise,Motor,52.8,205OCE,19950000,1998,11,10
MO138,Sea Bowld,Motor,53.04,206OCE,8995000,2001,4,2
MO385,Malahne,Motor,53.95,126CAM,550000,1937,15,18
MO217,Harbour Island,Motor,54.9,195NEW,49500000,2001,3,1
MO354,Quinta Essentia,Motor,55,164HEE,34500000,2011,12,11
MO353,Geo,Motor,55,186MAR,33000000,2014,12,13
MO303,Southern Cross III,Motor,55.17,196NIS,8950000,1986,1,15
MO253,Lady Christine,Motor,55.6,205OCE,19950000,2001,1,5
SA046,Shenandoah of Sark,Sail,54.35,243TOW,15000000,1902,10,11
MO215,Four Aces,Motor,55.8,120BEN,34900000,1982,5,8
MO352,Galaxy,Motor,56,120BEN,19950000,2005,14,15
MO384,Lady Linda,Motor,57,245TRI,33435172,2012,12,12
MO070,S Cape,Motor,57.2,125CAM,15000000,1978,8,19
MO383,Carpe Diem,Motor,58.22,245TRI,41052673,2011,12,12
MO351,Islander,Motor,58.52,113AUS,12850000,1991,14,12
MO350,Capri,Motor,58.55,183LUR,34950000,2003,12,17
MO349,Idol,Motor,58.9,112AUS,25000000,2007,14,13
MO281,Dynasty,Motor,59.3,155FAL,450000,2008,8,8
MO348,St David,Motor,60,120BEN,32000000,2008,13,15
SA018,Aphrodite 1,Sail,28.23,247VIT,800000,2006,5,2
SA065,Mystere,Sail,43.2,247VIT,12950000,2006,7,6
MO010,Darlings Danama,Motor,60,146CRN,35000000,2011,14,6
MO347,M�duse,Motor,60.66,156FEA,34500000,1996,12,18
SA039,K2Wind,Sail,24,249WAL,1900000,2000,6,4
SA028,Kim,Sail,28.55,249WAL,4900000,2014,6,3
SA012,Magic Carpet,Sail,28.8,249WAL,3700000,2008,4,2
SA004,Tango,Sail,24,249WAL,3000000,2010,8,4
MO346,Diamonds are Forever,Motor,60.95,120BEN,59500000,2012,14,15
MO055,April Fool,Motor,61,156FEA,59950000,2001,12,6
MO216,New Sunrise,Motor,61.3,146CRN,28500000,2001,5,1
MO345,Icon,Motor,62.5,168ICO,45750000,2010,14,19
MO053,Maidelle,Motor,62.5,168ICO,55000000,2012,12,8
MO344,Sokar,Motor,63.76,140COD,25000000,1990,22,12
MO343,Hermes,Motor,64,210PAL,59500000,2013,12,15
MO341,Family Day,Motor,65,140COD,39500000,2010,14,14
MO342,Lady Lau,Motor,65,140COD,44900000,2010,18,20
MO340,Aquarius,Motor,67,109AME,69900000,2007,16,17
MO190,Allure Shadow,Motor,67.06,#N/A,19950000,2007,12,6
MO339,White Cloud,Motor,67.3,156FEA,15900000,1983,12,16
MO338,Kismet,Motor,68,183LUR,79000000,2007,12,22
MO056,Triple Seven,Motor,68,197NOB,39750000,2003,12,6
MO337,Sycara V,Motor,68.15,197NOB,75000000,2010,14,18
MO336,Tia Moana,Motor,69,112AUS,20000000,2003,50,42
MO007,Tu Moana,Motor,69,112AUS,6500000,2003,12,20
MO318,Numptia,Motor,70,227ROS,85000000,2004,12,10
MO335,RM Elegant,Motor,72.48,180LAM,38000000,2005,30,31
MO006,Red Square,Motor,73,154DUN,63500500,2012,16,9
MO052,Laurel,Motor,73.15,151DEL,79500000,2010,14,8
MO382,Project Stingray,Motor,74.5,221PRO,49500000,2016,12,19
MO334,Anne Elizabeth,Motor,75.5,205OCE,125000000,2008,12,2
MO319,Ocean Victory,Motor,75.75,156FEA,135000000,2009,5,24
MO333,Pegasus V,Motor,78.6,#N/A,70899695,2003,12,26
SA052,Bliss,Sail,36.7,253YAC,11900000,2010,10,4
MO381,Nirvana,Motor,88.5,205OCE,199000000,2012,12,27
