Title,First_Name,Last_Name,Add_1,Add_2,Add_3,Office,Post_Code
Mr,Evan,Sabove,29  Posidonos Ave,Alimos,,Greece,174 55
Ms,Susan,Tyrell,4 Mumby Road,Thame,Oxfordshire,London,OX9 3LP
Mr,Vivek,Parekh,Balticagade 15,Aarhus,,Denmark,8000
Ms,Kratika,Gupta,12 Newport Street,Colchester,Essex,London,CO8 5UP
Mr,Jorge,Vega,Via dei Devoto  197,Pisa,,Italy,56100
Mr,Pedro,Lopez,Mainson Chapeau,Rue Vacheron,Paris,France,8 264
Mr,Luigi,Brown,11 Kato Stalos,Piraeus,,Greece,183 44
Mr,Louis,Brooks,31 West Quay Road,Gerrards Cross,Bucks,London,SL9 7PG
