Chart_position,Game,Platform,Release_year,Genre,Publisher,North_America,Europe,Japan,Rest_of_World,Global
357,007: Tomorrow Never Dies,PS,1999,Shooter,Electronic Arts,1.72,1.33,0,0.16,3.21
446,A Bug's Life,PS,1998,Platform,Sony Computer Entertainment,1.96,0.72,0,0.11,2.79
367,Ace Combat 04: Shattered Skies,PS2,2001,Simulation,Sony Computer Entertainment,2.06,0.56,0.38,0.17,3.17
457,Age of Empires II: The Age of Kings,PC,1999,Strategy,Microsoft Game Studios,2.7,0.04,0,0,2.74
368,Animal Crossing,GC,2001,Simulation,Nintendo,1.92,0.16,0.99,0.09,3.15
208,Animal Crossing: City Folk,Wii,2008,Simulation,Nintendo,1.78,1.05,1.32,0.35,4.5
136,Animal Crossing: New Leaf,3DS,2012,Action,Nintendo,1.02,0.86,3.65,0.15,5.69
39,Animal Crossing: Wild World,DS,2005,Simulation,Nintendo,2.45,3.3,5.33,0.85,11.93
147,Assassin's Creed,X360,2007,Adventure,Ubisoft,3.15,1.6,0.07,0.54,5.36
201,Assassin's Creed,PS3,2007,Adventure,Ubisoft,1.84,1.92,0.09,0.78,4.62
160,Assassin's Creed II,PS3,2009,Action,Ubisoft,2.38,1.82,0.21,0.78,5.2
175,Assassin's Creed II,X360,2009,Action,Ubisoft,2.96,1.48,0.08,0.49,5.01
149,Assassin's Creed III,PS3,2012,Action,Ubisoft,2.32,2.19,0.15,0.66,5.33
195,Assassin's Creed III,X360,2012,Action,Ubisoft,2.75,1.54,0.03,0.39,4.7
355,Assassin's Creed: Brotherhood,X360,2010,Action,Ubisoft,2.66,0.32,0.03,0.21,3.22
256,Assassin's Creed: Revelations,X360,2011,Action,Ubisoft,2.13,1.4,0.04,0.42,3.99
257,Assassin's Creed: Revelations,PS3,2011,Action,Ubisoft,1.33,1.91,0.1,0.64,3.98
223,Asteroids,2600,1980,Shooter,Atari,4,0.26,0,0.05,4.31
290,Banjo-Kazooie,N64,1998,Platform,Nintendo,1.87,1.13,0.55,0.1,3.65
362,Baseball,NES,1983,Sports,Nintendo,0.73,0.1,2.35,0.02,3.2
262,Batman: Arkham Asylum,PS3,2009,Action,Eidos Interactive,2.07,1.22,0.06,0.54,3.89
365,Batman: Arkham Asylum,X360,2009,Action,Eidos Interactive,1.99,0.89,0.02,0.28,3.18
197,Batman: Arkham City,PS3,2011,Action,Warner Bros. Interactive Entertainment,2.32,1.64,0.11,0.62,4.67
232,Batman: Arkham City,X360,2011,Action,Warner Bros. Interactive Entertainment,2.63,1.14,0.04,0.36,4.18
92,Battlefield 3,X360,2011,Shooter,Electronic Arts,4.3,2.02,0.06,0.66,7.04
103,Battlefield 3,PS3,2011,Shooter,Electronic Arts,2.7,2.71,0.34,0.96,6.72
339,Battlefield: Bad Company 2,X360,2010,Shooter,Electronic Arts,2.01,0.97,0.04,0.31,3.34
438,Battlefield: Bad Company 2,PS3,2010,Shooter,Electronic Arts,1.26,1.06,0.08,0.41,2.82
106,Big Brain Academy,DS,2005,Misc,Nintendo,1.65,2.7,1.6,0.62,6.57
276,Big Brain Academy: Wii Degree,Wii,2007,Misc,Nintendo,1.04,1.88,0.41,0.42,3.74
466,BioShock,X360,2007,Shooter,Take-Two Interactive,1.56,0.82,0.05,0.26,2.69
359,Borderlands,X360,2009,Shooter,Take-Two Interactive,2.22,0.68,0.03,0.27,3.2
26,Brain Age 2: More Training in Minutes a Day,DS,2005,Misc,Nintendo,3.42,5.33,5.32,1.18,15.25
19,Brain Age: Train Your Brain in Minutes a Day,DS,2005,Misc,Nintendo,4.72,9.12,4.16,2.04,20.05
468,Burnout 3: Takedown,PS2,2004,Racing,Electronic Arts,1.23,1.11,0,0.34,2.68
472,Call Of Duty 2: Big Red One,PS2,2005,Shooter,Activision,1.48,0.92,0.01,0.26,2.67
483,Call of Duty 3,X360,2006,Shooter,Activision,1.46,0.89,0.02,0.27,2.63
64,Call of Duty 4: Modern Warfare,X360,2007,Shooter,Activision,5.7,2.29,0.13,0.87,8.98
113,Call of Duty 4: Modern Warfare,PS3,2007,Shooter,Activision,2.96,2.16,0.28,0.97,6.37
31,Call of Duty: Black Ops,X360,2010,Shooter,Activision,9.21,3.5,0.11,1.06,13.88
37,Call of Duty: Black Ops,PS3,2010,Shooter,Activision,5.76,4.1,0.48,1.66,11.99
36,Call of Duty: Black Ops II,X360,2012,Shooter,Activision,7.66,3.94,0.05,0.84,12.48
48,Call of Duty: Black Ops II,PS3,2012,Shooter,Activision,4.58,4.96,0.52,0.82,10.88
416,Call of Duty: Finest Hour,PS2,2004,Shooter,Activision,1.51,1.12,0.01,0.24,2.89
105,Call of Duty: Ghosts,X360,2013,Shooter,Activision,4.41,1.69,0.02,0.51,6.62
131,Call of Duty: Ghosts,PS3,2013,Shooter,Activision,2.5,2.14,0.3,0.86,5.8
32,Call of Duty: Modern Warfare 2,X360,2009,Shooter,Activision,8.33,3.45,0.08,1.25,13.12
53,Call of Duty: Modern Warfare 2,PS3,2009,Shooter,Activision,4.88,3.46,0.38,1.53,10.25
30,Call of Duty: Modern Warfare 3,X360,2011,Shooter,Activision,8.62,4.06,0.13,1.26,14.07
35,Call of Duty: Modern Warfare 3,PS3,2011,Shooter,Activision,5.32,5.39,0.49,1.43,12.62
94,Call of Duty: World at War,X360,2008,Shooter,Activision,4.56,1.8,0,0.66,7.02
169,Call of Duty: World at War,PS3,2008,Shooter,Activision,2.57,1.74,0,0.77,5.08
259,Carnival Games,Wii,2007,Misc,Take-Two Interactive,2.07,1.43,0.05,0.41,3.96
379,Club Penguin: Elite Penguin Force,DS,2008,Adventure,Disney Interactive Studios,1.84,0.95,0,0.3,3.09
336,Clubhouse Games,DS,2006,Misc,Nintendo,0.58,1.72,0.73,0.34,3.36
422,Colin McRae Rally,PS,1998,Racing,Codemasters,0.09,2.43,0.12,0.22,2.87
428,Command & Conquer: Red Alert,PC,1996,Strategy,Virgin Interactive,1.37,1.34,0,0.14,2.85
139,Cooking Mama,DS,2006,Simulation,505 Games,2.98,1.89,0.07,0.56,5.5
313,Cooking Mama 2: Dinner With Friends,DS,2007,Simulation,505 Games,1.58,1.47,0.1,0.39,3.53
426,Cooking Mama: Cook Off,Wii,2007,Simulation,505 Games,1.4,1.11,0.05,0.3,2.85
101,Crash Bandicoot,PS,1996,Platform,Sony Computer Entertainment,3.23,2.35,0.94,0.3,6.82
82,Crash Bandicoot 2: Cortex Strikes Back,PS,1997,Platform,Sony Computer Entertainment,3.78,2.17,1.31,0.31,7.58
88,Crash Bandicoot 3: Warped,PS,1998,Platform,Sony Computer Entertainment,3.68,1.75,1.42,0.28,7.13
144,Crash Bandicoot: The Wrath of Cortex,PS2,2001,Platform,Universal Interactive,2.07,2.29,0.24,0.82,5.42
332,Crash Bash,PS,2000,Misc,Sony Computer Entertainment,1.56,1.47,0.19,0.17,3.39
566,Crash Team Racing,PS,1999,Racing,Sony Computer Entertainment,2.57,1.57,0.44,0.21,4.79
378,Crisis Core: Final Fantasy VII,PSP,2007,Role-Playing,Square Enix,1.32,0.56,0.8,0.41,3.09
307,Croc: Legend of the Gobbos,PS,1997,Platform,Fox Interactive,1.57,1.79,0,0.2,3.56
399,Dance Central,X360,2010,Misc,MTV Games,2.02,0.73,0.01,0.24,2.99
241,Daxter,PSP,2006,Platform,Sony Computer Entertainment,2.39,1,0,0.72,4.11
403,Devil May Cry,PS2,2001,Action,Capcom,1.36,0.86,0.64,0.13,2.99
324,Diablo,PC,1996,Role-Playing,Activision,1.7,1.58,0,0.17,3.46
433,Diablo II,PC,2000,Role-Playing,Havas Interactive,2.78,0.06,0,0,2.84
349,Diablo III,PC,2012,Role-Playing,Activision,1.65,1.21,0,0.4,3.26
187,Diddy Kong Racing,N64,1997,Racing,Nintendo,2.91,0.99,0.89,0.1,4.88
419,Disney Epic Mickey,Wii,2010,Platform,Disney Interactive Studios,1.97,0.59,0.12,0.21,2.88
386,Donkey Kong,GB,1994,Platform,Nintendo,1.57,0.62,0.55,0.34,3.07
154,Donkey Kong 64,N64,1999,Platform,Nintendo,3.33,0.79,1.09,0.06,5.27
62,Donkey Kong Country,SNES,1994,Platform,Nintendo,4.36,1.71,3,0.23,9.3
162,Donkey Kong Country 2: Diddy's Kong Quest,SNES,1995,Platform,Nintendo,2.1,0.74,2.2,0.11,5.15
318,Donkey Kong Country 3: Dixie Kong's Double Trouble!,SNES,1996,Platform,Nintendo,1.17,0.5,1.75,0.08,3.51
121,Donkey Kong Country Returns,Wii,2010,Platform,Nintendo,2.99,1.6,1.03,0.43,6.04
260,Donkey Kong Land,GB,1994,Platform,Nintendo,1.97,0.76,1.07,0.11,3.91
430,Doom,PC,1992,Shooter,id Software,1.61,1.12,0,0.13,2.85
299,Doom II,PC,1994,Shooter,Virgin Interactive,2.05,1.4,0,0.16,3.61
148,Dr. Mario,GB,1989,Puzzle,Nintendo,2.18,0.96,2,0.2,5.34
190,Dr. Mario,NES,1990,Puzzle,Nintendo,2.62,0.6,1.52,0.1,4.85
380,Dragon Ball Z: Budokai,PS2,2002,Fighting,Atari,2.17,0.28,0.55,0.08,3.09
397,Dragon Ball Z: Budokai Tenkaichi 3,PS2,2007,Fighting,Atari,1.15,0,0.76,1.09,3
264,Dragon Quest III,NES,1988,Role-Playing,Enix Corporation,0.1,0,3.77,0,3.87
374,Dragon Quest IV,NES,1990,Role-Playing,Enix Corporation,0.08,0,3.03,0.01,3.12
135,Dragon Quest IX: Sentinels of the Starry Skies,DS,2009,Role-Playing,Nintendo,0.58,0.64,4.35,0.14,5.7
449,Dragon Quest V: Tenkuu no Hanayome,SNES,1992,Role-Playing,Enix Corporation,0,0,2.78,0.01,2.79
363,Dragon Quest VI: Maboroshi no Daichi,SNES,1995,Role-Playing,Enix Corporation,0,0,3.19,0,3.19
212,Dragon Quest VII,PS,2000,Role-Playing,Enix Corporation,0.2,0.14,4.1,0.02,4.47
157,Dragon Quest VIII: Journey of the Cursed King,PS2,2004,Role-Playing,Square Enix,0.65,0.75,3.61,0.2,5.21
117,Driver,PS,1999,Action,GT Interactive,3.11,2.8,0.02,0.33,6.27
193,Driver 2,PS,2000,Action,Atari,2.36,2.1,0.02,0.25,4.73
9,Duck Hunt,NES,1984,Shooter,Nintendo,26.93,0.63,0.28,0.47,28.31
265,EA Sports Active,Wii,2009,Sports,Electronic Arts,2.07,1.33,0.06,0.39,3.86
341,English Training: Have Fun Improving Your Skills!,DS,2006,Misc,Nintendo,0,0.99,2.32,0.02,3.33
366,Enter the Matrix,PS2,2003,Action,Atari,1.78,1.12,0.09,0.19,3.18
486,ESPN NFL 2K5,PS2,2004,Sports,Sega,2.15,0.12,0,0.36,2.62
234,Excitebike,NES,1984,Racing,Nintendo,2.04,0.48,1.57,0.07,4.16
229,EyeToy Play,PS2,2003,Misc,Sony Computer Entertainment,0.88,2.3,0.2,0.83,4.2
330,F-1 Race,GB,1990,Racing,Nintendo,1.73,0.69,0.59,0.4,3.41
476,Fable,XB,2004,Role-Playing,Microsoft Game Studios,1.99,0.58,0,0.09,2.66
236,Fable II,X360,2008,Role-Playing,Microsoft Game Studios,2.45,1.18,0.11,0.4,4.15
185,Fable III,X360,2010,Role-Playing,Microsoft Game Studios,3.47,1.02,0.05,0.36,4.9
230,Fallout 3,X360,2008,Role-Playing,Bethesda Softworks,2.83,0.9,0.09,0.37,4.2
347,Fallout 3,PS3,2008,Role-Playing,Bethesda Softworks,1.75,1.01,0.07,0.46,3.28
321,Fallout: New Vegas,X360,2010,Role-Playing,Bethesda Softworks,2.23,0.95,0.04,0.27,3.49
500,Fallout: New Vegas,PS3,2010,Role-Playing,Bethesda Softworks,1.22,0.9,0.1,0.36,2.59
475,Far Cry 3,X360,2012,Shooter,Ubisoft,1.21,1.18,0.02,0.25,2.66
242,FIFA 07 Soccer,PS2,2006,Sports,Electronic Arts,0.71,2.48,0.03,0.89,4.11
228,FIFA Soccer 06,PS2,2005,Sports,Electronic Arts,0.78,2.55,0.04,0.84,4.21
369,FIFA Soccer 08,PS2,2007,Sports,Electronic Arts,0.68,0,0,2.46,3.14
309,FIFA Soccer 10,PS3,2009,Sports,Electronic Arts,0.56,2.43,0.05,0.51,3.54
180,FIFA Soccer 11,PS3,2010,Sports,Electronic Arts,0.58,3.24,0.06,1.1,4.98
323,FIFA Soccer 11,X360,2010,Sports,Electronic Arts,0.68,2.37,0.02,0.4,3.47
109,FIFA Soccer 12,PS3,2011,Sports,Electronic Arts,0.79,4.2,0.11,1.34,6.44
245,FIFA Soccer 12,X360,2011,Sports,Electronic Arts,0.8,2.74,0.02,0.52,4.08
95,FIFA Soccer 13,PS3,2012,Action,Electronic Arts,0.99,4.7,0.12,1.17,6.99
181,FIFA Soccer 13,X360,2012,Action,Electronic Arts,1.02,3.38,0.03,0.56,4.98
364,FIFA Soccer 14,X360,2013,Sports,Electronic Arts,0.54,2.27,0,0.37,3.19
331,FIFA Soccer 2003,PS2,2002,Sports,Electronic Arts,0.46,2.28,0.05,0.61,3.4
320,FIFA Soccer 2004,PS2,2004,Sports,Electronic Arts,0.59,2.36,0.04,0.51,3.49
283,FIFA Soccer 2005,PS2,2004,Sports,Electronic Arts,0.58,2.48,0.04,0.59,3.7
328,Final Fantasy III,SNES,1994,Role-Playing,SquareSoft,0.86,0,2.55,0.02,3.42
152,Final Fantasy IX,PS,2000,Role-Playing,SquareSoft,1.62,0.77,2.78,0.14,5.3
59,Final Fantasy VII,PS,1997,Role-Playing,Sony Computer Entertainment,3.01,2.47,3.28,0.96,9.72
78,Final Fantasy VIII,PS,1999,Role-Playing,SquareSoft,2.28,1.72,3.63,0.23,7.86
74,Final Fantasy X,PS2,2001,Role-Playing,Sony Computer Entertainment,2.91,2.07,2.73,0.33,8.05
153,Final Fantasy X-2,PS2,2003,Role-Playing,Electronic Arts,1.92,1.08,2.11,0.17,5.29
125,Final Fantasy XII,PS2,2006,Role-Playing,Square Enix,1.88,0,2.33,1.74,5.95
171,Final Fantasy XIII,PS3,2009,Role-Playing,Square Enix,1.62,1.11,1.87,0.45,5.05
437,Finding Nemo,GBA,2003,Action,THQ,1.59,1.05,0.04,0.14,2.82
272,Flash Focus: Vision Training in Minutes a Day,DS,2007,Misc,Nintendo,0.85,1.54,1.05,0.35,3.8
255,Forza Motorsport 2,X360,2007,Racing,Microsoft Game Studios,2.32,1.26,0.03,0.4,4.01
146,Forza Motorsport 3,X360,2009,Racing,Microsoft Game Studios,2.93,1.85,0.1,0.49,5.37
246,Forza Motorsport 4,X360,2011,Racing,Microsoft Game Studios,1.83,1.77,0.06,0.42,4.07
235,Frogger,PS,1997,Action,Hasbro Interactive,3.79,0.27,0,0.11,4.16
427,F-Zero,SNES,1990,Racing,Nintendo,1.37,0.51,0.89,0.07,2.85
124,Gears of War,X360,2006,Shooter,Microsoft Game Studios,3.5,1.86,0.07,0.6,6.02
104,Gears of War 2,X360,2008,Shooter,Microsoft Game Studios,4.08,1.88,0.06,0.63,6.65
126,Gears of War 3,X360,2011,Shooter,Microsoft Game Studios,3.88,1.5,0.07,0.47,5.92
213,God of War,PS2,2005,Action,Sony Computer Entertainment,2.71,1.29,0.02,0.43,4.45
249,God of War II,PS2,2007,Action,Sony Computer Entertainment,2.32,0.04,0.04,1.67,4.07
203,God of War III,PS3,2010,Action,Sony Computer Entertainment,2.69,1.24,0.12,0.57,4.61
375,God of War: Chains of Olympus,PSP,2008,Action,Sony Computer Entertainment,1.45,0.98,0.04,0.65,3.12
73,GoldenEye 007,N64,1997,Shooter,Nintendo,5.8,2.01,0.13,0.15,8.09
254,Golf,NES,1984,Sports,Nintendo,1.22,0.28,2.46,0.04,4.01
47,Gran Turismo,PS,1997,Racing,Sony Computer Entertainment,4.02,3.87,2.54,0.52,10.95
381,Gran Turismo (PSP),PSP,2009,Racing,Sony Computer Entertainment,0.44,1.51,0.31,0.82,3.09
60,Gran Turismo 2,PS,1999,Racing,Sony Computer Entertainment,3.88,3.42,1.69,0.5,9.49
27,Gran Turismo 3: A-Spec,PS2,2001,Racing,Sony Computer Entertainment,6.85,5.09,1.87,1.16,14.98
42,Gran Turismo 4,PS2,2004,Racing,Sony Computer Entertainment,3.01,0.01,1.1,7.53,11.66
49,Gran Turismo 5,PS3,2010,Racing,Sony Computer Entertainment,2.74,4.63,0.81,2.56,10.74
238,Gran Turismo 5 Prologue,PS3,2007,Racing,Sony Computer Entertainment,1.25,1.8,0.57,0.51,4.14
327,Grand Theft Auto 2,PS,1998,Adventure,Take-Two Interactive,1.13,2.07,0,0.22,3.42
33,Grand Theft Auto III,PS2,2001,Action,Take-Two Interactive,6.99,4.51,0.3,1.3,13.1
51,Grand Theft Auto IV,X360,2008,Action,Take-Two Interactive,6.43,2.99,0.14,0.99,10.55
56,Grand Theft Auto IV,PS3,2008,Action,Take-Two Interactive,4.54,3.51,0.42,1.49,9.97
25,Grand Theft Auto V,PS3,2013,Action,Take-Two Interactive,5.59,6.57,0.61,2.51,15.29
34,Grand Theft Auto V,X360,2013,Action,Take-Two Interactive,7.7,4.04,0.04,1.05,12.83
84,Grand Theft Auto: Liberty City Stories,PSP,2005,Action,Take-Two Interactive,2.87,2.75,0.24,1.7,7.56
310,Grand Theft Auto: Liberty City Stories,PS2,2006,Action,Take-Two Interactive,1.56,1.4,0.07,0.5,3.54
16,Grand Theft Auto: San Andreas,PS2,2004,Action,Take-Two Interactive,9.43,0.4,0.41,10.57,20.81
23,Grand Theft Auto: Vice City,PS2,2002,Action,Take-Two Interactive,8.41,5.49,0.47,1.78,16.15
188,Grand Theft Auto: Vice City Stories,PSP,2006,Action,Take-Two Interactive,1.67,1.9,0.16,1.15,4.88
166,Guitar Hero II,PS2,2006,Misc,RedOctane,3.81,0.63,0,0.68,5.12
178,Guitar Hero III: Legends of Rock,PS2,2007,Misc,Activision,3.49,0.01,0.01,1.48,4.98
205,Guitar Hero III: Legends of Rock,Wii,2007,Misc,Activision,3.01,1.1,0,0.43,4.55
214,Guitar Hero III: Legends of Rock,X360,2007,Misc,Activision,3.11,0.89,0.01,0.41,4.42
325,Guitar Hero: On Tour,DS,2008,Misc,Activision,2.09,1,0.01,0.34,3.44
304,Guitar Hero: World Tour,Wii,2008,Misc,Activision,2.3,0.94,0,0.34,3.58
240,Half-Life,PC,1997,Shooter,Vivendi Games,4.03,0,0.09,0,4.12
70,Halo 2,XB,2004,Shooter,Microsoft Game Studios,6.82,1.53,0.05,0.08,8.49
41,Halo 3,X360,2007,Shooter,Microsoft Game Studios,7.77,2.75,0.13,1.18,11.84
118,Halo 3: ODST,X360,2009,Shooter,Microsoft Game Studios,4.24,1.3,0.06,0.6,6.2
67,Halo 4,X360,2012,Shooter,Microsoft Game Studios,6.09,2.01,0.04,0.65,8.8
110,Halo: Combat Evolved,XB,2001,Shooter,Microsoft Game Studios,4.98,1.3,0.08,0.07,6.43
61,Halo: Reach,X360,2010,Shooter,Microsoft Game Studios,6.78,1.85,0.08,0.75,9.46
480,Hannah Montana,DS,2006,Action,Disney Interactive Studios,1.59,0.8,0,0.26,2.65
491,Harry Potter and the Chamber of Secrets,PS2,2002,Adventure,Electronic Arts,0.9,1.22,0.04,0.44,2.61
278,Harry Potter and the Sorcerer's Stone,PS,2001,Action,Electronic Arts,1.37,2,0.14,0.22,3.73
482,Heavy Rain,PS3,2010,Adventure,Sony Computer Entertainment,1.17,1.01,0.06,0.4,2.64
405,Hitman 2: Silent Assassin,PS2,2002,Action,Eidos Interactive,1.36,1.15,0.04,0.41,2.96
445,Hot Shots Golf,PS,1997,Sports,Sony Computer Entertainment,0.29,0.2,2.13,0.18,2.79
415,Hot Shots Golf 3,PS2,2001,Sports,Sony Computer Entertainment,0.99,0.32,1.38,0.2,2.89
424,Imagine: Babyz,DS,2007,Simulation,Ubisoft,1.29,1.26,0,0.31,2.86
443,Imagine: Fashion Designer,DS,2007,Simulation,Ubisoft,1.32,1.18,0,0.3,2.8
469,inFAMOUS,PS3,2009,Action,Sony Computer Entertainment,1.62,0.62,0.12,0.32,2.68
292,Jak and Daxter: The Precursor Legacy,PS2,2001,Platform,Sony Computer Entertainment,2.08,1.09,0.15,0.33,3.64
451,Jak II,PS2,2003,Platform,Sony Computer Entertainment,1.68,0.74,0,0.36,2.78
314,James Bond 007: Agent Under Fire,PS2,2001,Shooter,Electronic Arts,1.9,1.13,0.1,0.41,3.53
342,James Bond 007: Nightfire,PS2,2002,Shooter,Electronic Arts,1.45,1.29,0.12,0.46,3.33
93,Just Dance,Wii,2009,Misc,Ubisoft,3.4,2.92,0,0.72,7.03
63,Just Dance 2,Wii,2010,Misc,Ubisoft,5.72,2.79,0.01,0.76,9.28
58,Just Dance 3,Wii,2011,Misc,Ubisoft,5.76,3.02,0,1.03,9.81
102,Just Dance 4,Wii,2012,Misc,Ubisoft,3.86,1.99,0,0.88,6.73
361,Killer Instinct,SNES,1995,Fighting,Nintendo,2.26,0.72,0.12,0.1,3.2
410,Killzone 2,PS3,2009,Shooter,Sony Computer Entertainment,1.37,1.03,0.08,0.45,2.93
18,Kinect Adventures!,X360,2010,Misc,Microsoft Game Studios,14.09,4.61,0.24,1.56,20.49
134,Kinect Sports,X360,2010,Sports,Microsoft Game Studios,3.64,1.58,0.03,0.46,5.71
127,Kingdom Hearts,PS2,2002,Role-Playing,Sony Computer Entertainment,3.64,1.2,0.94,0.07,5.85
247,Kingdom Hearts II,PS2,2005,Role-Playing,Square Enix,2.2,0.58,1.12,0.17,4.07
421,Kirby Super Star Ultra,DS,2008,Platform,Nintendo,1.52,0.02,1.19,0.15,2.87
164,Kirby's Dream Land,GB,1992,Platform,Nintendo,2.71,0.61,1.7,0.11,5.13
319,Kung Fu,NES,1985,Action,Nintendo,1.64,0.38,1.42,0.06,3.5
395,Kung Fu Panda,X360,2008,Platform,Activision,1.9,0.83,0,0.29,3.02
432,L.A. Noire,PS3,2011,Adventure,Take-Two Interactive,1.16,1.15,0.11,0.42,2.84
337,Left 4 Dead,X360,2008,Shooter,Electronic Arts,2.55,0.47,0.05,0.28,3.36
282,Left 4 Dead 2,X360,2009,Shooter,Electronic Arts,2.48,0.82,0.05,0.35,3.7
376,LEGO Batman: The Videogame,X360,2008,Adventure,Warner Bros. Interactive Entertainment,1.88,0.94,0,0.3,3.11
418,LEGO Batman: The Videogame,DS,2008,Adventure,Warner Bros. Interactive Entertainment,1.68,0.93,0,0.27,2.88
440,LEGO Batman: The Videogame,Wii,2008,Adventure,Warner Bros. Interactive Entertainment,1.67,0.87,0,0.26,2.81
289,LEGO Indiana Jones: The Original Adventures,X360,2008,Adventure,Activision,2.33,0.98,0,0.35,3.65
465,LEGO Star Wars II: The Original Trilogy,PS2,2006,Action,LucasArts,1.85,0.64,0.01,0.19,2.69
158,LEGO Star Wars: The Complete Saga,Wii,2007,Action,LucasArts,3.35,1.38,0,0.48,5.2
206,LEGO Star Wars: The Complete Saga,DS,2007,Action,LucasArts,2.75,1.36,0,0.43,4.53
315,LEGO Star Wars: The Video Game,PS2,2005,Action,Eidos Interactive,1.98,1.14,0.01,0.41,3.53
182,Link's Crossbow Training,Wii,2007,Shooter,Nintendo,3.04,1.14,0.29,0.46,4.93
151,LittleBigPlanet,PS3,2008,Platform,Sony Computer Entertainment,2.66,1.7,0.17,0.78,5.31
392,LittleBigPlanet 2,PS3,2011,Platform,Sony Computer Entertainment,1.66,0.92,0.06,0.38,3.02
301,Luigi's Mansion,GC,2001,Action,Nintendo,2.38,0.67,0.46,0.1,3.6
389,Luigi's Mansion: Dark Moon,3DS,2013,Adventure,Nintendo,1.19,0.74,0.96,0.16,3.04
184,Madden NFL 06,PS2,2005,Sports,Electronic Arts,3.98,0.26,0.01,0.66,4.91
210,Madden NFL 07,PS2,2006,Sports,Electronic Arts,3.63,0.24,0.01,0.61,4.49
444,Madden NFL 10,X360,2009,Sports,Electronic Arts,2.49,0.09,0,0.22,2.8
489,Madden NFL 11,X360,2010,Sports,Electronic Arts,2.33,0.11,0,0.18,2.62
495,Madden NFL 12,X360,2011,Sports,Electronic Arts,2.35,0.09,0,0.15,2.6
467,Madden NFL 13,X360,2012,Sports,Electronic Arts,2.41,0.12,0,0.16,2.69
383,Madden NFL 2002,PS2,2001,Sports,Electronic Arts,2.5,0.16,0.01,0.42,3.08
237,Madden NFL 2003,PS2,2002,Sports,Electronic Arts,3.36,0.21,0.01,0.56,4.14
156,Madden NFL 2004,PS2,2004,Sports,Electronic Arts,4.26,0.26,0.01,0.71,5.23
207,Madden NFL 2005,PS2,2004,Sports,Electronic Arts,4.18,0.26,0.01,0.08,4.53
280,Mario & Luigi: Bowser's Inside Story,DS,2009,Role-Playing,Nintendo,2.18,0.46,0.81,0.26,3.71
308,Mario & Sonic at the London 2012 Olympic Games,Wii,2011,Sports,Sega,1.09,1.75,0.27,0.45,3.55
77,Mario & Sonic at the Olympic Games,Wii,2007,Sports,Sega,2.55,3.78,0.66,0.9,7.9
173,Mario & Sonic at the Olympic Games,DS,2008,Sports,Sega,1.62,2.41,0.44,0.57,5.04
215,Mario & Sonic at the Olympic Winter Games,Wii,2009,Sports,Sega,1.85,1.87,0.22,0.47,4.42
333,Mario & Sonic at the Olympic Winter Games,DS,2009,Sports,Sega,1.19,1.54,0.27,0.37,3.37
57,Mario Kart 64,N64,1996,Racing,Nintendo,5.55,1.94,2.23,0.15,9.87
66,Mario Kart 7,3DS,2011,Racing,Nintendo,3.46,2.54,2.2,0.61,8.8
13,Mario Kart DS,DS,2005,Racing,Nintendo,9.5,7.24,4.12,1.86,22.73
3,Mario Kart Wii,Wii,2008,Racing,Nintendo,14.96,12.3,3.69,3.18,34.12
96,Mario Kart: Double Dash!!,GC,2003,Racing,Nintendo,4.12,1.77,0.87,0.19,6.95
141,Mario Kart: Super Circuit,GBA,2001,Racing,Nintendo,2.62,1.64,0.99,0.23,5.47
456,Mario Paint,SNES,1992,Misc,Nintendo,1.43,0.54,0.71,0.07,2.75
463,Mario Party,N64,1998,Misc,Nintendo,1.25,0.53,0.87,0.05,2.7
76,Mario Party 8,Wii,2007,Misc,Nintendo,3.7,2.01,1.58,0.69,7.98
470,Mario Party 9,Wii,2012,Misc,Nintendo,0.96,0.81,0.71,0.19,2.67
68,Mario Party DS,DS,2007,Misc,Nintendo,4.32,1.78,1.98,0.67,8.76
487,Mario vs. Donkey Kong: Mini-Land Mayhem!,DS,2010,Puzzle,Nintendo,1.61,0.49,0.35,0.18,2.62
442,Mass Effect,X360,2007,Role-Playing,Microsoft Game Studios,1.77,0.74,0.03,0.26,2.8
396,Mass Effect 2,X360,2010,Role-Playing,Electronic Arts,1.94,0.77,0.03,0.27,3
439,Mass Effect 3,X360,2012,Role-Playing,Electronic Arts,1.81,0.76,0.03,0.22,2.81
345,Max Payne,PS2,2001,Shooter,Take-Two Interactive,1.99,1.05,0.05,0.22,3.31
464,Medal of Honor,PS3,2010,Shooter,Electronic Arts,1.24,0.99,0.07,0.4,2.7
473,Medal of Honor,PS,1998,Shooter,Electronic Arts,1.44,1.09,0,0.14,2.67
494,Medal of Honor Heroes,PSP,2006,Shooter,Electronic Arts,0.84,1.1,0.01,0.65,2.6
100,Medal of Honor: Frontline,PS2,2002,Shooter,Electronic Arts,2.93,2.75,0.17,0.99,6.83
163,Medal of Honor: Rising Sun,PS2,2003,Shooter,Electronic Arts,1.98,2.23,0.13,0.8,5.13
123,Metal Gear Solid,PS,1998,Action,Konami Digital Entertainment,3.18,1.83,0.78,0.24,6.03
120,Metal Gear Solid 2: Sons of Liberty,PS2,2001,Action,Konami Digital Entertainment,2.45,2.01,0.87,0.72,6.05
226,Metal Gear Solid 3: Snake Eater,PS2,2004,Action,Konami Digital Entertainment,1.46,0,0.83,1.93,4.23
128,Metal Gear Solid 4: Guns of the Patriots,PS3,2008,Action,Konami Digital Entertainment,2.57,1.64,0.83,0.78,5.82
459,Metroid,NES,1986,Adventure,Nintendo,1.33,0.31,1.04,0.05,2.73
436,Metroid Prime,GC,2002,Shooter,Nintendo,1.96,0.67,0.1,0.09,2.82
224,Michael Jackson: The Experience,Wii,2010,Misc,Ubisoft,2.58,1.27,0.01,0.38,4.24
165,Microsoft Flight Simulator,PC,1996,Simulation,Microsoft Game Studios,3.22,1.69,0,0.2,5.12
302,Midnight Club 3: DUB Edition,PSP,2005,Racing,Take-Two Interactive,1.63,1.2,0,0.77,3.6
484,Midnight Club: Street Racing,PS2,2000,Racing,Take-Two Interactive,2,0.47,0.02,0.14,2.63
393,Mike Tyson's Punch-Out!!,NES,1987,Fighting,Nintendo,2.03,0.47,0.45,0.07,3.02
454,Missile Command,2600,1980,Shooter,Atari,2.56,0.17,0,0.03,2.76
377,Monster Hunter 4,3DS,2013,Role-Playing,Capcom,0,0,3.1,0,3.1
189,Monster Hunter Freedom 3,PSP,2010,Role-Playing,Capcom,0,0,4.87,0,4.87
145,Monster Hunter Freedom Unite,PSP,2008,Role-Playing,Capcom,0.44,0.52,4.13,0.32,5.4
471,Mortal Kombat,GEN,1992,Fighting,Arena Entertainment,1.95,0.63,0,0.09,2.67
448,Mortal Kombat Trilogy,PS,1996,Fighting,GT Interactive,1.98,0.7,0,0.11,2.79
294,MySims,DS,2007,Simulation,Electronic Arts,1.57,1.57,0.08,0.4,3.63
75,Myst,PC,1994,Adventure,Red Orb,4.91,2.79,0,0.33,8.03
225,Namco Museum,GBA,2001,Misc,Namco Bandai Games,3,1.11,0.05,0.07,4.24
267,Namco Museum Vol.1,PS,1995,Misc,Sony Computer Entertainment,2.12,1.44,0.22,0.06,3.84
251,Namco Museum Vol.3,PS,1996,Misc,Sony Computer Entertainment,2.28,1.55,0.16,0.06,4.05
258,Namco Museum: 50th Anniversary,PS2,2005,Misc,Namco Bandai Games,2.08,1.35,0,0.54,3.98
455,NBA 2K13,X360,2012,Action,Take-Two Interactive,2.42,0.17,0.01,0.16,2.76
498,NBA Live 2005,PS2,2004,Sports,Electronic Arts,2.03,0.21,0,0.35,2.59
450,NBA Street,PS2,2001,Sports,Electronic Arts,2.19,0.22,0,0.38,2.79
372,Need for Speed III: Hot Pursuit,PS,1998,Racing,Electronic Arts,2.14,0.86,0,0.13,3.12
86,Need for Speed Underground,PS2,2003,Racing,Electronic Arts,3.27,2.83,0.08,1.02,7.2
97,Need for Speed Underground 2,PS2,2004,Racing,Electronic Arts,2.71,3.02,0.08,1.09,6.9
219,Need for Speed: Most Wanted,PS2,2005,Racing,Electronic Arts,2.03,1.79,0.08,0.47,4.37
7,New Super Mario Bros.,DS,2006,Platform,Nintendo,11.05,8.9,6.49,2.84,29.28
99,New Super Mario Bros. 2,3DS,2012,Platform,Nintendo,2.49,1.82,2.17,0.38,6.86
414,New Super Mario Bros. U,WiiU,2012,Action,Nintendo,1.38,0.56,0.78,0.17,2.89
10,New Super Mario Bros. Wii,Wii,2009,Platform,Nintendo,13.75,6.49,4.68,2.14,27.06
477,Nintendo Land,WiiU,2012,Action,Nintendo,1.51,0.59,0.37,0.18,2.66
11,Nintendogs,DS,2005,Simulation,Nintendo,9.03,10.85,1.93,2.74,24.56
352,Nintendogs + cats,3DS,2011,Simulation,Nintendo,1.32,0.99,0.7,0.22,3.23
462,Onimusha: Warlords,PS2,2001,Action,Virgin Interactive,0.99,0.48,1.09,0.14,2.7
79,Pac-Man,2600,1982,Puzzle,Atari,7.28,0.45,0,0.08,7.81
409,Pac-Man Collection,GBA,2001,Puzzle,Atari,2.07,0.77,0.05,0.05,2.94
382,Personal Trainer: Cooking,DS,2006,Misc,Nintendo,0.88,1,1.03,0.17,3.08
209,Pitfall!,2600,1981,Platform,Activision,4.21,0.24,0,0.05,4.5
458,Pok?mon Stadium 2,N64,2000,Strategy,Nintendo,1.02,0.36,1.13,0.23,2.73
28,Pokemon Black / White Version,DS,2010,Role-Playing,Nintendo,5.42,2.87,5.64,0.77,14.7
90,Pokemon Black / White Version 2,DS,2012,Role-Playing,Nintendo,2.35,1.32,3.06,0.36,7.09
112,Pokemon Crystal Version,GB,2000,Role-Playing,Nintendo,2.55,1.56,1.29,0.99,6.39
21,Pokemon Diamond / Pearl Version,DS,2006,Role-Playing,Nintendo,6.34,4.38,6.04,1.35,18.11
111,Pokemon Emerald Version,GBA,2004,Role-Playing,Nintendo,2.57,1.58,2.06,0.21,6.41
52,Pokemon FireRed / LeafGreen Version,GBA,2004,Role-Playing,Nintendo,4.34,2.65,3.15,0.35,10.49
12,Pokemon Gold / Silver Version,GB,1999,Role-Playing,Nintendo,9,6.18,7.2,0.71,23.1
43,Pokemon Heart Gold / Soul Silver Version,DS,2009,Role-Playing,Nintendo,4.25,2.63,3.96,0.75,11.58
186,Pokemon Mystery Dungeon: Explorers of Time / Darkness,DS,2007,Role-Playing,Nintendo,1.82,1.17,1.54,0.37,4.9
150,Pokemon Pinball,GB,1999,Misc,Nintendo,3.02,1.12,1.01,0.16,5.31
83,Pokemon Platinum Version,DS,2008,Role-Playing,Nintendo,2.7,1.65,2.69,0.53,7.57
5,Pokemon Red / Green / Blue Version,GB,1996,Role-Playing,Nintendo,11.27,8.89,10.22,1,31.37
24,Pokemon Ruby / Sapphire Version,GBA,2002,Role-Playing,Nintendo,6.06,3.9,5.38,0.5,15.85
293,Pokemon Snap,N64,1999,Simulation,Nintendo,2.23,0.68,0.66,0.06,3.63
143,Pokemon Stadium,N64,1999,Strategy,Nintendo,3.18,1.24,0.94,0.09,5.45
284,Pokemon Trading Card Game,GB,1998,Strategy,Nintendo,1.49,0.73,1.38,0.1,3.7
71,Pokemon X/Y,3DS,2013,Role-Playing,Nintendo,3,1.42,3.44,0.46,8.31
29,Pokemon Yellow: Special Pikachu Edition,GB,1998,Role-Playing,Nintendo,5.89,5.04,3.12,0.59,14.64
295,Pro Evolution Soccer 2008,PS2,2007,Sports,Konami Digital Entertainment,0.05,0,0.64,2.93,3.63
167,Professor Layton and the Curious Village,DS,2007,Adventure,Nintendo,1.19,2.37,1.03,0.51,5.11
271,Professor Layton and the Diabolical Box,DS,2007,Adventure,Nintendo,0.83,1.69,0.92,0.36,3.8
371,Professor Layton and the Unwound Future,DS,2008,Adventure,Nintendo,0.55,1.5,0.82,0.26,3.13
343,Ratchet & Clank,PS2,2002,Platform,Sony Computer Entertainment,1.44,1.01,0.57,0.3,3.33
452,Ratchet & Clank: Going Commando,PS2,2003,Platform,Sony Computer Entertainment,1.44,0.83,0.26,0.25,2.78
286,Ratchet & Clank: Size Matters,PSP,2007,Platform,Sony Computer Entertainment,1.37,1.35,0.1,0.84,3.67
390,Rayman,PS,1995,Platform,Ubisoft,1.54,1.33,0,0.16,3.03
130,Red Dead Redemption,X360,2010,Action,Take-Two Interactive,3.4,1.78,0.09,0.53,5.81
133,Red Dead Redemption,PS3,2010,Action,Take-Two Interactive,2.53,2.2,0.17,0.83,5.74
172,Resident Evil,PS,1996,Action,Virgin Interactive,2.05,1.16,1.11,0.73,5.05
129,Resident Evil 2,PS,1998,Action,Virgin Interactive,1.88,1.47,2.02,0.45,5.82
279,Resident Evil 3: Nemesis,PS,1999,Action,Eidos Interactive,1.3,0.77,1.54,0.11,3.72
296,Resident Evil 4,PS2,2005,Action,Capcom,2.08,0.83,0.46,0.25,3.62
183,Resident Evil 5,PS3,2009,Action,Capcom,1.88,1.35,1.08,0.6,4.92
338,Resident Evil 5,X360,2009,Action,Capcom,2.01,0.89,0.12,0.32,3.35
485,Resident Evil 6,PS3,2012,Action,Capcom,0.74,0.78,0.88,0.23,2.63
274,Resident Evil Director's Cut,PS,1996,Action,Virgin Interactive,1.82,1.24,0.47,0.25,3.77
231,Resistance: Fall of Man,PS3,2006,Shooter,Sony Computer Entertainment,1.65,1.68,0.14,0.72,4.2
388,Rhythm Heaven,DS,2008,Misc,Nintendo,0.5,0.49,1.93,0.13,3.05
269,RollerCoaster Tycoon,PC,1999,Strategy,Microprose,3.82,0.01,0,0,3.83
316,Rugrats in Paris: The Movie,PS,2000,Action,THQ,1.96,1.33,0,0.23,3.52
340,Rugrats: Search For Reptar,PS,1998,Adventure,THQ,1.63,1.53,0,0.18,3.34
434,Saints Row 2,X360,2008,Action,THQ,1.79,0.76,0.02,0.26,2.83
423,Sega Superstars Tennis,X360,2008,Sports,Sega,1.74,0.85,0,0.28,2.86
490,Skylanders: Spyro's Adventure,Wii,2011,Action,Activision,1.27,1.04,0,0.3,2.61
407,SOCOM II: U.S. Navy SEALs,PS2,2003,Shooter,Sony Computer Entertainment,2.22,0.51,0.06,0.15,2.94
291,SOCOM: U.S. Navy SEALs,PS2,2002,Shooter,Sony Computer Entertainment,2.53,0.81,0.06,0.24,3.65
488,Sonic and the Secret Rings,Wii,2007,Platform,Sega,1.13,1.17,0.04,0.28,2.62
404,Sonic Heroes,PS2,2003,Platform,Sega,1.04,1.37,0.06,0.49,2.96
412,Sonic Mega Collection Plus,PS2,2004,Misc,Sega,1.54,1.14,0,0.22,2.9
387,Sonic Rush,DS,2005,Platform,Sega,1.18,1.54,0.06,0.29,3.07
221,Sonic the Hedgehog,GEN,1991,Platform,Sega,3.03,0.91,0.26,0.13,4.34
122,Sonic the Hedgehog 2,GEN,1992,Platform,Sega,4.47,1.2,0.16,0.19,6.03
370,Spider-Man,PS,2000,Action,Activision,1.7,1.25,0.02,0.16,3.13
329,Spider-Man 2,PS2,2004,Action,Activision,1.75,1.2,0.02,0.43,3.41
211,Spider-Man: The Movie,PS2,2002,Action,Activision,2.71,1.51,0.03,0.23,4.48
306,Sports Champions,PS3,2010,Sports,Sony Computer Entertainment,2,1.03,0.1,0.44,3.56
317,Spyro 2: Ripto's Rage!,PS,1999,Platform,Sony Computer Entertainment,2.14,1.21,0.01,0.17,3.52
177,Spyro the Dragon,PS,1998,Platform,Sony Computer Entertainment,3.36,1.36,0.07,0.21,5
281,Spyro: Year of the Dragon,PS,2000,Platform,Sony Computer Entertainment,1.93,1.58,0,0.19,3.71
400,Star Fox,SNES,1993,Shooter,Nintendo,1.61,0.51,0.8,0.07,2.99
253,Star Fox 64,N64,1997,Shooter,Nintendo,2.78,0.58,0.64,0.04,4.03
298,Star Wars Battlefront,PS2,2004,Shooter,LucasArts,1.93,1.22,0.03,0.44,3.61
303,Star Wars Battlefront II,PS2,2005,Shooter,LucasArts,2.18,1.02,0.03,0.37,3.59
373,Star Wars Episode I Racer,N64,1999,Racing,Nintendo,2.31,0.62,0.14,0.04,3.12
344,Star Wars Episode III: Revenge of the Sith,PS2,2005,Action,LucasArts,1.47,1.39,0.03,0.43,3.32
481,Star Wars: Shadows of the Empire,N64,1996,Action,Nintendo,2,0.5,0.12,0.03,2.65
497,Star Wars: The Force Unleashed,X360,2008,Action,LucasArts,1.63,0.72,0,0.24,2.59
493,Star Wars: The Old Republic,PC,2011,Role-Playing,Electronic Arts,1.36,0.89,0,0.35,2.6
277,StarCraft,PC,1998,Strategy,Activision,3.71,0.02,0,0,3.73
220,StarCraft II: Wings of Liberty,PC,2010,Strategy,Activision,2.34,1.46,0,0.55,4.35
243,Street Fighter II Turbo,SNES,1992,Fighting,Capcom,1.42,0.51,2.1,0.07,4.1
115,Street Fighter II: The World Warrior,SNES,1992,Fighting,Capcom,2.47,0.83,2.87,0.12,6.3
492,Streets of Rage,GEN,1990,Action,Sega,1.86,0.55,0.11,0.08,2.6
65,Super Mario 3D Land,3DS,2011,Platform,Nintendo,4.12,2.29,1.93,0.63,8.96
40,Super Mario 64,N64,1996,Platform,Nintendo,6.91,2.85,1.91,0.23,11.89
54,Super Mario 64,DS,2004,Platform,Nintendo,4.9,2.95,1.25,0.95,10
140,Super Mario Advance,GBA,2001,Platform,Nintendo,3.14,1.24,0.91,0.2,5.49
50,Super Mario All-Stars,SNES,1993,Platform,Nintendo,5.99,2.15,2.12,0.29,10.55
2,Super Mario Bros.,NES,1985,Platform,Nintendo,29.08,3.58,6.81,0.77,40.24
170,Super Mario Bros.,GB,1999,Platform,Nintendo,3.4,1.3,0.15,0.22,5.07
85,Super Mario Bros. 2,NES,1988,Platform,Nintendo,5.39,1.18,0.7,0.19,7.46
22,Super Mario Bros. 3,NES,1988,Platform,Nintendo,9.54,3.44,3.84,0.46,17.28
159,Super Mario Bros. 3,GBA,2003,Platform,Nintendo,2.93,1.25,0.83,0.2,5.2
479,Super Mario Bros.: The Lost Levels,NES,1986,Platform,Nintendo,0,0,2.65,0,2.65
46,Super Mario Galaxy,Wii,2007,Platform,Nintendo,5.87,3.19,1.2,0.71,10.97
89,Super Mario Galaxy 2,Wii,2010,Platform,Nintendo,3.42,2.14,0.98,0.59,7.13
69,Super Mario Kart,SNES,1992,Racing,Nintendo,3.54,1.24,3.81,0.18,8.76
20,Super Mario Land,GB,1989,Platform,Nintendo,10.83,2.71,4.18,0.42,18.14
45,Super Mario Land 2: 6 Golden Coins,GB,1992,Platform,Nintendo,6.16,2.04,2.69,0.29,11.18
161,Super Mario Land 3: Wario Land,GB,1994,Platform,Nintendo,2.49,0.98,1.57,0.15,5.19
114,Super Mario Sunshine,GC,2002,Platform,Nintendo,4.01,1.26,0.87,0.17,6.31
17,Super Mario World,SNES,1990,Platform,Nintendo,12.78,3.75,3.54,0.55,20.61
142,Super Mario World,GBA,2001,Platform,Nintendo,3.21,1.11,0.95,0.2,5.46
239,Super Mario World 2: Yoshi's Island,SNES,1995,Platform,Nintendo,1.65,0.61,1.76,0.09,4.12
411,Super Mario World 2: Yoshi's Island,GBA,2002,Platform,Nintendo,1.75,0.45,0.62,0.09,2.91
297,Super Paper Mario,Wii,2007,Platform,Nintendo,1.91,0.81,0.59,0.3,3.61
138,Super Smash Bros.,N64,1999,Fighting,Nintendo,2.95,0.6,1.97,0.04,5.55
38,Super Smash Bros. Brawl,Wii,2008,Fighting,Nintendo,6.13,2.33,2.54,0.93,11.94
91,Super Smash Bros. Melee,GC,2001,Fighting,Nintendo,4.41,1.04,1.39,0.22,7.07
417,Syphon Filter,PS,1999,Shooter,Sony Computer Entertainment,2.03,0.72,0.02,0.11,2.88
233,Teenage Mutant Ninja Turtles,NES,1989,Platform,Palcom,3.38,0.44,0.31,0.04,4.17
351,Tekken,PS,1995,Fighting,Sony Computer Entertainment,0.95,1.3,0.77,0.22,3.24
132,Tekken 2,PS,1996,Fighting,Sony Computer Entertainment,2.26,1.89,1.36,0.23,5.74
87,Tekken 3,PS,1998,Fighting,Sony Computer Entertainment,3.27,2.22,1.4,0.29,7.16
326,Tekken 4,PS2,2002,Fighting,Namco Bandai Games,1.55,1.27,0.33,0.29,3.44
263,Tekken 5,PS2,2005,Fighting,Namco Bandai Games,0.93,1.94,0.31,0.7,3.87
499,Tekken 6,PS3,2009,Fighting,Namco Bandai Games,1.14,0.9,0.17,0.38,2.59
252,Tekken Tag Tournament,PS2,2000,Fighting,Namco Bandai Games,1.68,1.51,0.51,0.35,4.05
496,Tekken: Dark Resurrection,PSP,2006,Fighting,Sony Computer Entertainment,0.76,1.07,0.12,0.64,2.59
6,Tetris,GB,1989,Puzzle,Nintendo,23.2,2.26,4.22,0.58,30.26
137,Tetris,NES,1988,Puzzle,Nintendo,2.97,0.69,1.81,0.11,5.58
425,The Elder Scrolls III: Morrowind,XB,2002,Role-Playing,Ubisoft,2.09,0.63,0.03,0.11,2.86
248,The Elder Scrolls IV: Oblivion,X360,2006,Role-Playing,Take-Two Interactive,2.59,0.99,0.13,0.37,4.07
420,The Elder Scrolls IV: Oblivion,PS3,2007,Role-Playing,Ubisoft,1.56,0.8,0.14,0.38,2.88
80,The Elder Scrolls V: Skyrim,X360,2011,Role-Playing,Bethesda Softworks,4.29,2.49,0.1,0.74,7.63
168,The Elder Scrolls V: Skyrim,PS3,2011,Role-Playing,Bethesda Softworks,1.99,2.11,0.24,0.73,5.09
350,The Elder Scrolls V: Skyrim,PC,2011,Role-Playing,Bethesda Softworks,1,1.67,0,0.57,3.25
311,The Getaway,PS2,2002,Action,Sony Computer Entertainment,1.23,1.77,0.05,0.49,3.54
268,The Last of Us,PS3,2013,Adventure,Sony Computer Entertainment Europe,1.61,1.43,0.22,0.57,3.84
107,The Legend of Zelda,NES,1986,Action,Nintendo,3.74,0.93,1.69,0.14,6.51
202,The Legend of Zelda: A Link to the Past,SNES,1991,Action,Nintendo,2.42,0.91,1.15,0.13,4.61
461,The Legend of Zelda: A Link to the Past,GBA,2002,Action,Nintendo,1.75,0.52,0.33,0.1,2.7
270,The Legend of Zelda: Link's Awakening,GB,1992,Action,Nintendo,2.21,0.96,0.54,0.13,3.83
334,The Legend of Zelda: Majora's Mask,N64,2000,Action,Nintendo,1.9,0.67,0.73,0.06,3.36
81,The Legend of Zelda: Ocarina of Time,N64,1998,Action,Nintendo,4.1,1.89,1.45,0.16,7.6
354,The Legend of Zelda: Ocarina of Time,3DS,2011,Action,Nintendo,1.57,0.86,0.57,0.21,3.22
179,The Legend of Zelda: Phantom Hourglass,DS,2007,Action,Nintendo,1.8,1.76,0.95,0.47,4.98
285,The Legend of Zelda: Skyward Sword,Wii,2011,Action,Nintendo,1.91,1.05,0.36,0.36,3.68
353,The Legend of Zelda: Spirit Tracks,DS,2009,Action,Nintendo,1.36,0.86,0.74,0.26,3.22
204,The Legend of Zelda: The Wind Waker,GC,2002,Action,Nintendo,2.6,0.99,0.89,0.13,4.6
98,The Legend of Zelda: Twilight Princess,Wii,2006,Action,Nintendo,3.63,1.99,0.6,0.66,6.88
346,The Lord of the Rings: The Return of the King,PS2,2003,Action,Electronic Arts,1.5,1.28,0.05,0.46,3.28
198,The Lord of the Rings: The Two Towers,PS2,2002,Action,Electronic Arts,1.94,1.95,0.08,0.7,4.67
194,The Simpsons: Hit & Run,PS2,2003,Racing,Vivendi Games,1.73,2.19,0,0.79,4.7
300,The Simpsons: Road Rage,PS2,2001,Racing,Electronic Arts,2.02,1.17,0,0.42,3.61
44,The Sims,PC,2000,Simulation,Electronic Arts,11.22,0.01,0,0,11.23
453,The Sims,PS2,2003,Simulation,Electronic Arts,1.41,1.12,0,0.24,2.77
356,The Sims 2,PC,2004,Simulation,Electronic Arts,3.09,0.12,0,0,3.22
192,The Sims 3,PC,2009,Simulation,Electronic Arts,0,4.21,0,0.57,4.78
401,The Sims: Livin Large,PC,2000,Misc,Electronic Arts,1.67,1.18,0,0.13,2.99
275,The Sims: Unleashed,PC,2002,Simulation,Electronic Arts,2.03,1.56,0,0.17,3.76
385,The Sims: Vacation,PC,2002,Simulation,Electronic Arts,1.72,1.21,0,0.14,3.07
391,Tom Clancy's Splinter Cell,XB,2002,Action,Ubisoft,1.85,1.04,0,0.13,3.02
478,Tom Clancy's Splinter Cell,PS2,2003,Action,Ubisoft,1.15,1.11,0,0.4,2.65
200,Tomb Raider,PS,1996,Action,Eidos Interactive,2.29,1.97,0.13,0.24,4.63
155,Tomb Raider II,PS,1997,Adventure,Eidos Interactive,2.3,2.46,0.2,0.28,5.24
312,Tomb Raider III: Adventures of Lara Croft,PS,1997,Adventure,Eidos Interactive,1.66,1.58,0.12,0.18,3.54
287,Tomodachi Collection,DS,2009,Misc,Nintendo,0,0,3.67,0,3.67
174,Tony Hawk's Pro Skater,PS,1999,Sports,Activision,3.42,1.38,0.02,0.2,5.02
196,Tony Hawk's Pro Skater 2,PS,2000,Sports,Activision,3.05,1.41,0.02,0.2,4.68
216,Tony Hawk's Pro Skater 3,PS2,2001,Sports,Activision,2.66,1.29,0.01,0.46,4.41
288,Tony Hawk's Pro Skater 4,PS2,2002,Sports,Activision,2.13,1.18,0.01,0.35,3.67
261,Tony Hawk's Underground,PS2,2003,Sports,Activision,2.29,1.17,0.01,0.42,3.9
348,True Crime: Streets of LA,PS2,2003,Action,Activision,1.89,1.05,0.02,0.31,3.27
116,Uncharted 2: Among Thieves,PS3,2009,Action,Sony Computer Entertainment,3.14,2.03,0.21,0.9,6.29
119,Uncharted 3: Drake's Deception,PS3,2011,Action,Sony Computer Entertainment,2.57,2.52,0.19,0.88,6.17
199,Uncharted: Drake's Fortune,PS3,2007,Action,Sony Computer Entertainment,2.18,1.63,0.12,0.71,4.65
227,Warcraft II: Tides of Darkness,PC,1995,Strategy,Activision,1.7,2.27,0,0.23,4.21
431,WarioWare: Smooth Moves,Wii,2006,Puzzle,Nintendo,0.85,1.02,0.73,0.25,2.85
176,Warzone 2100,PS,1999,Strategy,Eidos Interactive,2.79,1.89,0,0.33,5.01
406,Wave Race 64,N64,1996,Racing,Nintendo,1.98,0.58,0.34,0.04,2.94
322,Who wants to be a millionaire,PC,1999,Misc,Disney Interactive Studios,1.94,1.39,0,0.16,3.49
14,Wii Fit,Wii,2007,Sports,Nintendo,8.91,8.03,3.6,2.14,22.69
15,Wii Fit Plus,Wii,2009,Sports,Nintendo,8.88,8.21,2.53,1.74,21.36
358,Wii Music,Wii,2008,Misc,Nintendo,1.34,1.09,0.46,0.32,3.21
72,Wii Party,Wii,2010,Misc,Nintendo,1.7,3.27,2.47,0.66,8.1
8,Wii Play,Wii,2006,Misc,Nintendo,13.87,9.13,2.93,2.83,28.76
1,Wii Sports,Wii,2006,Sports,Nintendo,40.94,28.58,3.77,8.38,81.67
4,Wii Sports Resort,Wii,2009,Sports,Nintendo,15.31,10.64,3.23,2.89,32.07
217,Winning Eleven: Pro Evolution Soccer 2007,PS2,2006,Sports,Konami Digital Entertainment,0.1,2.39,1.05,0.86,4.39
384,World Class Track Meet,NES,1986,Sports,Namco Bandai Games,1.92,0.45,0.64,0.07,3.08
55,World of Warcraft,PC,2004,Role-Playing,Activision,3.96,6.06,0,0,10.02
244,World of Warcraft: The Burning Crusade,PC,2007,Role-Playing,Activision,2.57,1.51,0,0,4.08
402,World Soccer Winning Eleven 6 International,PS2,2002,Sports,Konami Digital Entertainment,0.12,1.26,1.16,0.45,2.99
413,World Soccer Winning Eleven 7 International,PS2,2003,Sports,Konami Digital Entertainment,0.08,1.24,1.13,0.45,2.9
266,World Soccer Winning Eleven 8 International,PS2,2004,Sports,Konami Digital Entertainment,0.16,1.89,1.12,0.68,3.85
250,World Soccer Winning Eleven 9,PS2,2005,Sports,Konami Digital Entertainment,0.12,2.26,0.9,0.77,4.06
398,wwe Smackdown vs. Raw 2006,PS2,2006,Fighting,N/A,1.57,1.02,0,0.41,3
441,WWE SmackDown! Here Comes the Pain,PS2,2003,Fighting,THQ,1.32,1.06,0.04,0.38,2.8
394,WWE SmackDown! Shut Your Mouth,PS2,2002,Sports,THQ,1.45,1.13,0.07,0.38,3.02
435,WWE SmackDown! vs. Raw,PS2,2002,Fighting,THQ,1.32,1.08,0.04,0.39,2.83
408,WWE SmackDown! vs. RAW 2006,PS2,2005,Fighting,THQ,1.45,1.11,0.04,0.33,2.94
305,WWF SmackDown!,PS,2000,Fighting,THQ,2.01,1.35,0.06,0.16,3.58
360,WWF SmackDown! 2: Know Your Role,PS,2000,Fighting,THQ,1.76,1.21,0.07,0.16,3.2
447,WWF SmackDown! Just Bring It,PS2,2001,Fighting,THQ,1.19,1.15,0.04,0.41,2.79
335,WWF War Zone,PS,1998,Fighting,Acclaim Entertainment,2.47,0.76,0,0.13,3.36
460,Yoshi's Island DS,DS,2006,Platform,Nintendo,1.41,0.05,1.1,0.15,2.71
429,Yoshi's Story,N64,1997,Platform,Nintendo,1.29,0.53,0.98,0.05,2.85
218,Zelda II: The Adventure of Link,NES,1987,Adventure,Nintendo,2.19,0.5,1.61,0.08,4.38
108,Zumba Fitness,Wii,2010,Sports,505 Games,3.36,2.47,0,0.65,6.48
474,Zumba Fitness 2,Wii,2011,Sports,Majesco Entertainment,1.44,0.95,0,0.26,2.66
